{
  "total_points": 2860,
  "crisis_points": 482,
  "non_crisis_points": 2378,
  "avg_mac_during_crisis": 0.5511604630945957,
  "avg_mac_non_crisis": 0.6037875290474027,
  "crises_evaluated": 27,
  "crises_with_warning": 20,
  "true_positive_rate": 0.7407407407407407,
  "avg_mac_overall": 0.5949182123378737,
  "min_mac": 0.26285714285714284,
  "max_mac": 0.7985714285714285
}