{
  "total_points": 253,
  "crisis_points": 56,
  "non_crisis_points": 197,
  "avg_mac_during_crisis": 0.5354469424640701,
  "avg_mac_non_crisis": 0.5510898394413123,
  "crises_evaluated": 3,
  "crises_with_warning": 3,
  "true_positive_rate": 1.0,
  "avg_mac_overall": 0.5476273800313299,
  "min_mac": 0.3409171728989353,
  "max_mac": 0.7857142857142857
}