{
  "total_points": 6158,
  "crisis_points": 920,
  "non_crisis_points": 5238,
  "avg_mac_during_crisis": 0.3312049701214005,
  "avg_mac_non_crisis": 0.39655165252434366,
  "crises_evaluated": 41,
  "crises_with_warning": 31,
  "true_positive_rate": 0.7560975609756098,
  "avg_mac_overall": 0.38678891335404353,
  "min_mac": 0.0,
  "max_mac": 0.9625916666666667
}